{"cameraMode":{"drawMode":0,"name":"Shaded","section":"Shading Mode"},"sceneLighting":false,"audioPlay":false,"sceneViewState":{"showFog":true,"showMaterialUpdate":false,"showSkybox":true,"showFlares":true,"showImageEffects":true,"showParticleSystems":true},"in2DMode":false,"pivot":{"x":-2.0987377166748049,"y":0.4226897656917572,"z":-0.018101772293448449},"rotation":{"x":0.0016064902301877738,"y":0.9593082070350647,"z":0.005458794999867678,"w":-0.2823037803173065},"size":5.407395362854004,"orthographic":false}